gene1,gene2,gene3,gene4,gene5
92.0826,443.3735,350.94664,11.1876,77.926
97.1228,29.215618,2.579007,301.8684,171.9968
7.73995,42.368421,39.907121,9.2879,104.2632