cycle_index,discharge_time,decrement,max_voltage_dischar,min_voltage_charg,time_at_4.15,time_constant_current,charging_time
1.0,2595.3,1151.4885,3.67,3.211,5460.001,6755.01,10777.82
2.0,7408.64,1172.5125000000007,4.246,3.22,5508.991999999998,6762.02,10500.35
3.0,7393.76,1112.991999999991,4.249,3.224,5508.993000000002,6762.02,10420.38